CustomerID,JoinDate,Age,Gender,MonthlySpend,TenureMonth,NumTransactions,PaymentMethod,Region,Churn
CUST00001,2024-08-27,58.0,F,1303556,9,48.0,Credit Card,Jabodetabek,Yes
CUST00002,2024-04-04,23.0,,2269613,36,,E-Wallet,Jabodetabek,Yes
CUST00003,2024-01-25,,Male,1315476,49,22.0,E-Wallet,Jawa Tengah,Yes
CUST00004,2025-04-29,56.0,,2076967,60,25.0,E-Wallet,Jawa Barat,No
CUST00005,2023-10-12,65.0,F,0,6,15.0,E-Wallet,Jawa Barat,No
CUST00006,2023-06-17,41.0,F,4471823,42,5.0,Cash,Jawa Tengah,Yes
CUST00007,2023-10-02,58.0,Male,1510140,15,,Debit Card,Jawa Tengah,No
CUST00008,2023-09-10,,,4855315,30,,E-Wallet,,Yes
CUST00009,2023-06-06,,Female,3290102,32,6.0,Cash,Jabodetabek,Yes
CUST00010,2025-02-26,71.0,M,0,36,1.0,Credit Card,Jawa Tengah,No
CUST00011,2025-06-10,,M,4514336,17,33.0,Debit Card,Jawa Barat,Yes
CUST00012,2023-04-25,67.0,M,2374464,39,,E-Wallet,Jawa Barat,Yes
CUST00013,2024-11-06,68.0,F,3179628,32,5.0,Debit Card,Jawa Tengah,Yes
CUST00014,2024-02-13,,M,4948072,49,47.0,Cash,,No
CUST00015,2023-01-08,25.0,Male,418544,38,36.0,Credit Card,Jawa Barat,Yes
CUST00016,2024-07-06,,Female,447197,18,,Cash,Jawa Barat,Yes
CUST00017,2024-04-23,48.0,Male,3203278,28,,Credit Card,Jabodetabek,No
CUST00018,2023-07-07,43.0,M,1192940,35,29.0,Cash,Jawa Barat,No
CUST00019,2023-06-20,72.0,F,3106091,35,1.0,Cash,,Yes
CUST00020,2024-03-09,31.0,,840538,25,,Cash,Jawa Barat,No
CUST00021,2023-02-21,30.0,,4214629,35,,Cash,Jawa Barat,Yes
CUST00022,2023-05-03,21.0,,3143699,5,44.0,Debit Card,Jabodetabek,No
CUST00023,2023-09-29,,F,0,14,,Debit Card,Jawa Tengah,Yes
CUST00024,2024-06-02,47.0,M,3961094,37,7.0,Debit Card,Jawa Tengah,Yes
CUST00025,2024-11-14,,,0,54,,E-Wallet,Jabodetabek,Yes
CUST00026,2025-01-04,26.0,M,4556960,10,,Debit Card,Jawa Tengah,Yes
CUST00027,2023-12-08,,Female,3193563,28,18.0,E-Wallet,Jawa Barat,Yes
CUST00028,2025-05-04,73.0,M,1943848,8,5.0,Debit Card,,Yes
CUST00029,2024-11-13,,Male,1679459,58,23.0,E-Wallet,,Yes
CUST00030,2025-01-24,57.0,M,831581,57,27.0,Cash,Jawa Barat,Yes
CUST00031,2025-04-16,67.0,F,603385,55,31.0,E-Wallet,Jawa Tengah,Yes
CUST00032,2024-10-18,32.0,,0,18,,Cash,Jawa Tengah,No
CUST00033,2025-01-16,,M,0,3,,Cash,Jabodetabek,No
CUST00034,2024-03-17,42.0,Male,3093085,28,1.0,E-Wallet,Jawa Tengah,No
CUST00035,2024-12-14,66.0,M,0,43,,Debit Card,Jawa Barat,No
CUST00036,2023-10-21,,Female,4290828,20,26.0,Cash,Jawa Tengah,No
CUST00037,2023-10-18,,,0,51,48.0,E-Wallet,Jabodetabek,Yes
CUST00038,2024-05-01,,,1092211,10,2.0,Credit Card,,Yes
CUST00039,2023-06-01,75.0,Male,4506480,25,,Credit Card,,Yes
CUST00040,2023-05-17,67.0,F,2322472,36,16.0,E-Wallet,,No
CUST00041,2025-02-08,,Female,2447941,48,,E-Wallet,,No
CUST00042,2023-11-24,,,3162494,19,,Credit Card,Jawa Barat,No
CUST00043,2024-07-09,,F,790911,5,,Cash,Jabodetabek,No
CUST00044,2023-11-02,,F,4796697,25,31.0,Cash,Jawa Barat,No
CUST00045,2025-05-10,,F,1978028,25,,Debit Card,Jabodetabek,Yes
CUST00046,2023-02-21,74.0,M,3176050,28,,Cash,Jawa Tengah,Yes
CUST00047,2025-05-04,,Male,0,18,,Cash,Jabodetabek,No
CUST00048,2023-09-11,,Female,1090455,50,42.0,Credit Card,Jawa Barat,Yes
CUST00049,2023-06-21,,,629784,30,,Credit Card,Jawa Barat,No
CUST00050,2025-01-02,66.0,Female,0,37,,Credit Card,Jawa Barat,No
CUST00051,2024-11-08,69.0,M,4669809,51,,Credit Card,Jawa Tengah,No
CUST00052,2023-06-30,,,0,41,30.0,E-Wallet,,No
CUST00053,2023-09-07,71.0,F,1275732,54,,Cash,Jawa Tengah,No
CUST00054,2024-09-02,,M,912691,23,,Credit Card,Jawa Barat,No
CUST00055,2024-04-03,68.0,Male,4024622,49,,Credit Card,Jawa Tengah,No
CUST00056,2024-03-11,71.0,,3642160,38,,E-Wallet,Jawa Tengah,No
CUST00057,2025-01-30,,,1204463,47,,Debit Card,Jawa Barat,Yes
CUST00058,2024-01-05,,Female,0,7,,E-Wallet,Jabodetabek,Yes
CUST00059,2023-04-16,,Male,3114349,19,45.0,E-Wallet,,No
CUST00060,2024-02-15,,F,0,56,31.0,Credit Card,Jabodetabek,Yes
CUST00061,2025-03-05,67.0,,1424378,8,,Cash,,Yes
CUST00062,2024-10-02,69.0,Female,3640428,40,4.0,E-Wallet,Jabodetabek,Yes
CUST00063,2023-10-26,28.0,Male,2465223,1,,Debit Card,Jawa Tengah,No
CUST00064,2023-04-28,36.0,,0,51,41.0,Debit Card,Jawa Barat,No
CUST00065,2023-05-08,35.0,F,0,39,,E-Wallet,,No
CUST00066,2024-09-10,73.0,M,2221127,39,,Credit Card,Jabodetabek,No
CUST00067,2024-04-26,75.0,,4603818,53,18.0,Cash,Jawa Tengah,Yes
CUST00068,2024-11-17,,Male,0,23,,Debit Card,Jawa Tengah,No
CUST00069,2023-09-16,,M,4706171,3,30.0,Credit Card,,No
CUST00070,2024-10-02,65.0,F,0,4,,Credit Card,Jawa Barat,No
CUST00071,2024-12-27,35.0,Female,3918796,32,8.0,E-Wallet,Jabodetabek,Yes
CUST00072,2025-01-03,53.0,M,1092462,30,8.0,E-Wallet,,No
CUST00073,2023-10-10,48.0,F,2065901,25,13.0,E-Wallet,Jawa Tengah,Yes
CUST00074,2024-04-02,69.0,,4756314,38,,Cash,Jawa Tengah,Yes
CUST00075,2023-08-28,73.0,F,0,56,13.0,Credit Card,Jawa Tengah,No
CUST00076,2025-06-14,,F,787975,9,,Credit Card,,Yes
CUST00077,2024-10-27,,Male,0,51,,E-Wallet,,No
CUST00078,2024-10-08,75.0,M,4829519,3,40.0,Debit Card,Jabodetabek,Yes
CUST00079,2023-11-29,66.0,Male,571557,45,20.0,E-Wallet,Jawa Tengah,Yes
CUST00080,2023-06-29,41.0,Male,0,37,44.0,Cash,Jawa Barat,Yes
CUST00081,2025-04-03,49.0,F,3967101,17,,E-Wallet,Jawa Barat,Yes
CUST00082,2023-07-23,,F,0,45,,Cash,Jabodetabek,No
CUST00083,2023-10-09,71.0,Male,0,45,19.0,Credit Card,,No
CUST00084,2024-10-05,68.0,Male,3459285,13,,Credit Card,Jawa Tengah,Yes
CUST00085,2023-06-29,65.0,Female,1680338,6,,Debit Card,Jawa Tengah,No
CUST00086,2024-04-24,,Male,0,52,,Debit Card,Jawa Barat,Yes
CUST00087,2024-01-13,,M,0,1,17.0,Cash,Jawa Tengah,No
CUST00088,2024-10-25,24.0,Male,3052480,57,,Cash,Jawa Tengah,Yes
CUST00089,2023-08-29,59.0,,736267,20,32.0,Debit Card,,Yes
CUST00090,2024-11-01,70.0,Male,3878972,48,47.0,Cash,,No
CUST00091,2024-12-03,65.0,M,0,29,,E-Wallet,Jabodetabek,Yes
CUST00092,2023-02-21,43.0,M,0,6,43.0,Debit Card,Jawa Barat,Yes
CUST00093,2025-03-18,54.0,,3434440,14,,Credit Card,Jawa Tengah,Yes
CUST00094,2023-01-16,67.0,M,1201319,8,43.0,Debit Card,Jawa Tengah,Yes
CUST00095,2024-05-02,,F,3265831,27,34.0,E-Wallet,Jabodetabek,Yes
CUST00096,2023-03-04,46.0,F,4525139,34,,Cash,,Yes
CUST00097,2023-05-10,72.0,M,2010435,21,39.0,E-Wallet,,Yes
CUST00098,2024-03-16,,F,4060217,28,7.0,Debit Card,,Yes
CUST00099,2024-01-19,,Female,1894787,21,,Cash,Jabodetabek,No
CUST00100,2024-08-23,23.0,,3202510,48,24.0,E-Wallet,Jabodetabek,Yes
CUST00101,2023-04-17,70.0,,4820521,4,,Debit Card,Jawa Barat,No
CUST00102,2025-04-06,60.0,F,3734242,24,,Credit Card,Jawa Tengah,Yes
CUST00103,2024-08-02,,F,0,23,1.0,Credit Card,Jawa Barat,Yes
CUST00104,2024-01-14,58.0,M,0,27,,E-Wallet,Jabodetabek,Yes
CUST00105,2024-09-13,21.0,F,358719,18,,Cash,Jawa Tengah,No
CUST00106,2023-02-16,31.0,Female,1597759,19,,Cash,Jabodetabek,No
CUST00107,2023-05-03,,Male,1035979,49,,Cash,,No
CUST00108,2024-02-11,,Male,2383812,33,,Cash,Jabodetabek,Yes
CUST00109,2023-04-28,,F,0,46,,Credit Card,Jawa Tengah,No
CUST00110,2024-08-26,,F,0,55,7.0,Credit Card,,No
CUST00111,2025-03-05,37.0,M,1546991,5,33.0,E-Wallet,Jawa Barat,Yes
CUST00112,2025-03-02,33.0,F,1223608,39,10.0,Cash,,Yes
CUST00113,2024-04-25,75.0,F,4812457,21,,E-Wallet,Jawa Tengah,Yes
CUST00114,2024-01-13,,M,0,30,29.0,Credit Card,Jabodetabek,Yes
CUST00115,2025-04-09,74.0,,3970376,36,48.0,Debit Card,Jawa Tengah,No
CUST00116,2023-02-10,72.0,Female,0,7,22.0,Cash,,Yes
CUST00117,2025-03-04,73.0,M,0,59,,Credit Card,Jawa Tengah,No
CUST00118,2023-03-25,22.0,,0,19,17.0,Debit Card,Jawa Tengah,No
CUST00119,2024-10-20,75.0,M,3270431,46,,Debit Card,Jabodetabek,No
CUST00120,2023-12-16,,F,2282755,24,20.0,Debit Card,Jawa Barat,Yes
CUST00121,2025-06-16,26.0,,1390641,33,50.0,Debit Card,,No
CUST00122,2024-03-30,27.0,,0,3,,E-Wallet,,Yes
CUST00123,2024-04-17,32.0,M,0,58,,Cash,,No
CUST00124,2024-07-21,68.0,Male,0,4,,Credit Card,Jawa Tengah,No
CUST00125,2025-04-16,,F,4898564,10,28.0,E-Wallet,Jabodetabek,Yes
CUST00126,2023-01-29,,M,2255570,25,,Credit Card,Jawa Tengah,Yes
CUST00127,2024-09-22,27.0,Male,0,45,,Credit Card,Jabodetabek,No
CUST00128,2025-03-05,34.0,M,4971796,39,,Debit Card,Jawa Tengah,Yes
CUST00129,2024-09-03,25.0,,4339978,30,5.0,Credit Card,Jawa Barat,No
CUST00130,2024-11-11,,Male,0,16,,E-Wallet,Jabodetabek,Yes
CUST00131,2024-01-18,73.0,M,2279123,25,31.0,Credit Card,Jawa Tengah,No
CUST00132,2023-02-15,22.0,M,4617955,48,,E-Wallet,Jawa Barat,Yes
CUST00133,2023-10-28,72.0,Female,914529,5,,Credit Card,Jawa Barat,Yes
CUST00134,2023-10-20,,M,3835136,31,17.0,Credit Card,Jawa Tengah,Yes
CUST00135,2023-07-11,,F,0,48,,Cash,Jawa Tengah,No
CUST00136,2023-04-16,51.0,Male,0,39,,E-Wallet,Jawa Tengah,No
CUST00137,2025-01-14,72.0,M,3349479,29,,Cash,Jawa Tengah,Yes
CUST00138,2023-05-27,58.0,,3761918,52,48.0,Cash,Jabodetabek,Yes
CUST00139,2024-01-15,26.0,M,0,37,3.0,Cash,Jabodetabek,No
CUST00140,2023-01-27,67.0,Female,0,42,18.0,Cash,,Yes
CUST00141,2023-07-24,,Male,0,14,,Debit Card,Jabodetabek,No
CUST00142,2024-07-17,67.0,,3184110,55,,E-Wallet,Jawa Tengah,Yes
CUST00143,2025-03-20,28.0,F,1666208,8,13.0,Credit Card,Jawa Tengah,Yes
CUST00144,2023-11-13,,F,4685400,9,40.0,Cash,,Yes
CUST00145,2023-05-12,44.0,,3664855,5,,Debit Card,Jawa Barat,No
CUST00146,2024-12-27,45.0,Female,670769,20,11.0,E-Wallet,Jawa Tengah,No
CUST00147,2024-08-29,23.0,,2460396,41,20.0,Debit Card,Jawa Barat,Yes
CUST00148,2024-10-18,74.0,,4766913,3,2.0,E-Wallet,Jawa Barat,Yes
CUST00149,2023-09-08,71.0,F,4044461,35,,E-Wallet,,No
CUST00150,2023-11-17,22.0,M,0,30,,E-Wallet,,Yes
CUST00151,2023-09-11,70.0,Female,595367,30,,Credit Card,Jabodetabek,No
CUST00152,2025-02-20,71.0,Female,1903784,53,,Cash,,Yes
CUST00153,2024-08-20,,M,0,33,30.0,Credit Card,Jabodetabek,Yes
CUST00154,2023-09-28,72.0,M,3599257,1,,Cash,Jawa Tengah,Yes
CUST00155,2025-02-21,20.0,,3760267,19,,E-Wallet,Jabodetabek,No
CUST00156,2024-09-08,,,0,36,24.0,Cash,Jabodetabek,Yes
CUST00157,2023-12-02,20.0,,0,34,30.0,E-Wallet,Jawa Barat,Yes
CUST00158,2024-05-01,74.0,Male,0,33,,E-Wallet,Jawa Tengah,No
CUST00159,2023-09-29,71.0,,4670915,56,45.0,Debit Card,Jabodetabek,No
CUST00160,2025-04-21,55.0,Female,4319161,40,,Credit Card,Jabodetabek,Yes
CUST00161,2024-05-28,,,1465721,27,45.0,Cash,Jabodetabek,No
CUST00162,2024-04-15,26.0,,0,34,,E-Wallet,Jawa Tengah,Yes
CUST00163,2023-11-01,69.0,M,2180798,18,,Debit Card,,Yes
CUST00164,2025-04-18,,M,1296964,37,,Debit Card,Jawa Tengah,No
CUST00165,2023-07-26,69.0,,0,42,,E-Wallet,Jawa Tengah,Yes
CUST00166,2023-02-23,66.0,Male,1153621,43,34.0,Cash,Jawa Tengah,Yes
CUST00167,2024-05-03,66.0,Female,3010866,60,,E-Wallet,Jawa Tengah,No
CUST00168,2024-03-03,36.0,Female,4367969,15,35.0,Credit Card,,Yes
CUST00169,2023-10-19,67.0,F,1364112,1,20.0,Cash,Jawa Barat,No
CUST00170,2025-01-05,,Female,958709,22,,Credit Card,Jawa Tengah,No
CUST00171,2024-06-11,74.0,M,3368039,55,,Credit Card,,No
CUST00172,2024-01-28,60.0,Female,0,60,16.0,Cash,Jawa Tengah,No
CUST00173,2024-11-14,69.0,Male,3548516,24,45.0,Cash,Jawa Tengah,Yes
CUST00174,2024-01-12,71.0,,4935893,50,20.0,Debit Card,Jawa Barat,No
CUST00175,2025-02-19,26.0,Female,4568113,24,,Credit Card,,Yes
CUST00176,2023-06-18,51.0,M,3129516,58,33.0,Cash,Jabodetabek,Yes
CUST00177,2024-06-09,,F,4885107,29,,Cash,Jabodetabek,Yes
CUST00178,2024-08-15,72.0,Male,1442556,26,17.0,Credit Card,,Yes
CUST00179,2024-02-23,66.0,Female,402730,60,31.0,Debit Card,,No
CUST00180,2023-05-02,,Female,1733334,44,43.0,Cash,Jawa Barat,No
CUST00181,2025-04-23,32.0,Female,3970989,47,,Debit Card,,No
CUST00182,2024-09-21,,Male,4965892,49,8.0,Debit Card,Jawa Barat,No
CUST00183,2025-01-28,66.0,Male,3936254,44,46.0,Cash,,Yes
CUST00184,2023-08-31,32.0,M,3293885,19,,Debit Card,Jawa Barat,No
CUST00185,2024-07-23,,F,4167522,57,48.0,Credit Card,Jawa Tengah,No
CUST00186,2024-01-21,,Female,3668434,27,27.0,Cash,Jawa Barat,No
CUST00187,2024-07-24,69.0,,0,59,,Debit Card,,No
CUST00188,2024-07-02,33.0,Female,1535223,60,,Credit Card,Jawa Tengah,Yes
CUST00189,2023-08-02,75.0,M,315874,13,49.0,E-Wallet,Jabodetabek,No
CUST00190,2023-09-03,68.0,,0,59,16.0,E-Wallet,Jawa Tengah,No
CUST00191,2023-04-11,72.0,F,0,24,,E-Wallet,Jawa Barat,No
CUST00192,2024-07-20,,,341744,48,10.0,Cash,Jawa Tengah,No
CUST00193,2023-09-21,,F,3796581,54,,Cash,,No
CUST00194,2025-05-09,28.0,Male,4510606,32,12.0,Credit Card,Jabodetabek,Yes
CUST00195,2024-01-18,67.0,Male,3142539,10,1.0,Cash,,No
CUST00196,2023-01-18,65.0,,2463760,2,,Cash,Jawa Barat,No
CUST00197,2023-10-01,66.0,F,774521,40,,Credit Card,Jawa Tengah,No
CUST00198,2023-04-06,72.0,F,1170087,20,44.0,Cash,,Yes
CUST00199,2024-08-02,53.0,Male,189636,6,,Credit Card,Jawa Barat,No
CUST00200,2025-05-20,,M,1287055,44,18.0,Credit Card,Jawa Barat,Yes
CUST00201,2024-11-24,67.0,,1820574,20,11.0,E-Wallet,,No
CUST00202,2024-09-11,66.0,,1600639,28,15.0,Cash,Jawa Tengah,No
CUST00203,2023-07-10,,,2039744,23,,Cash,Jabodetabek,No
CUST00204,2023-11-21,57.0,M,0,10,25.0,Credit Card,Jabodetabek,No
CUST00205,2024-03-17,,F,0,7,9.0,Cash,Jabodetabek,Yes
CUST00206,2023-10-26,,F,3195169,39,,Cash,Jabodetabek,Yes
CUST00207,2023-11-05,68.0,M,3355641,25,11.0,Cash,Jawa Barat,No
CUST00208,2023-09-10,,F,0,31,,Debit Card,,No
CUST00209,2024-03-26,,M,0,22,,Cash,Jawa Barat,No
CUST00210,2025-01-22,70.0,F,0,12,,Debit Card,Jawa Tengah,No
CUST00211,2025-01-14,,F,3238840,13,38.0,Debit Card,,Yes
CUST00212,2025-01-02,,F,3291879,20,,Cash,Jabodetabek,Yes
CUST00213,2025-03-20,,M,4120649,60,,Credit Card,Jabodetabek,Yes
CUST00214,2025-03-26,75.0,F,3348837,40,,Credit Card,Jabodetabek,No
CUST00215,2024-01-19,24.0,F,4566264,36,38.0,Cash,Jawa Barat,No
CUST00216,2023-12-23,,M,0,59,6.0,E-Wallet,,Yes
CUST00217,2023-03-10,,M,1610877,29,,Credit Card,Jabodetabek,No
CUST00218,2024-07-19,70.0,Female,608700,60,48.0,E-Wallet,,Yes
CUST00219,2025-01-25,,,3390881,43,,Debit Card,,Yes
CUST00220,2025-03-29,,,168664,14,18.0,Debit Card,Jawa Tengah,Yes
CUST00221,2024-09-17,,F,3550194,56,,Credit Card,Jawa Tengah,No
CUST00222,2023-11-17,72.0,Male,4706532,46,20.0,Debit Card,Jawa Tengah,Yes
CUST00223,2024-03-09,,Female,0,27,39.0,Cash,Jawa Barat,No
CUST00224,2023-01-10,,F,1361460,21,29.0,Debit Card,Jawa Barat,No
CUST00225,2023-06-21,73.0,Male,3858016,32,,Credit Card,Jawa Barat,No
CUST00226,2024-07-16,,,0,11,,Credit Card,Jabodetabek,No
CUST00227,2024-03-11,,Male,2423494,49,,Debit Card,Jawa Tengah,Yes
CUST00228,2025-04-10,,,1612037,29,8.0,E-Wallet,,Yes
CUST00229,2024-09-03,28.0,,1016625,52,,Debit Card,Jawa Tengah,No
CUST00230,2025-02-07,69.0,F,4997321,58,44.0,Credit Card,Jawa Tengah,Yes
CUST00231,2024-05-16,67.0,Female,706545,46,21.0,E-Wallet,,No
CUST00232,2024-05-14,42.0,M,3844839,48,,Credit Card,Jabodetabek,No
CUST00233,2024-03-15,75.0,Female,1652495,51,,Cash,Jawa Tengah,Yes
CUST00234,2023-02-17,,Male,2445586,37,,Cash,Jabodetabek,Yes
CUST00235,2023-06-12,,M,0,13,45.0,Credit Card,Jawa Tengah,No
CUST00236,2024-11-02,,Male,0,41,20.0,Credit Card,Jabodetabek,No
CUST00237,2023-01-09,31.0,M,706583,34,,Credit Card,,Yes
CUST00238,2024-01-12,26.0,M,1110272,47,7.0,Debit Card,,No
CUST00239,2023-12-26,75.0,Female,3143469,37,1.0,Debit Card,,No
CUST00240,2023-12-26,,F,1061190,9,49.0,E-Wallet,Jawa Barat,No
CUST00241,2025-05-18,69.0,M,3520443,39,,Debit Card,Jawa Barat,Yes
CUST00242,2024-05-26,69.0,,378879,32,25.0,Credit Card,Jabodetabek,Yes
CUST00243,2025-02-27,41.0,Male,4805257,27,24.0,Credit Card,Jabodetabek,No
CUST00244,2024-03-09,18.0,F,317045,51,,Credit Card,Jawa Barat,No
CUST00245,2024-08-23,,Male,481440,52,,E-Wallet,,No
CUST00246,2024-11-13,33.0,Female,0,8,30.0,Credit Card,Jabodetabek,No
CUST00247,2024-01-16,26.0,Female,0,34,,E-Wallet,Jabodetabek,Yes
CUST00248,2024-04-11,,,1290769,17,46.0,E-Wallet,Jabodetabek,No
CUST00249,2025-01-28,49.0,,0,50,7.0,Credit Card,Jabodetabek,Yes
CUST00250,2024-07-20,18.0,F,0,59,10.0,Debit Card,Jawa Tengah,Yes
CUST00251,2023-07-03,71.0,Female,1491905,37,24.0,Credit Card,,Yes
CUST00252,2023-07-25,,M,1453160,36,30.0,E-Wallet,Jawa Barat,No
CUST00253,2023-01-07,70.0,F,2219304,47,35.0,Credit Card,Jawa Barat,Yes
CUST00254,2023-04-17,70.0,Female,0,1,,Debit Card,,No
CUST00255,2024-04-14,49.0,Male,1323672,59,,Credit Card,Jawa Barat,No
CUST00256,2025-05-21,58.0,M,3912225,9,,Cash,Jawa Tengah,No
CUST00257,2023-04-19,,Female,1129836,9,50.0,Cash,,Yes
CUST00258,2025-05-22,38.0,Male,2397830,29,,Credit Card,Jawa Barat,No
CUST00259,2024-02-10,37.0,,0,10,6.0,Credit Card,Jawa Tengah,No
CUST00260,2024-04-18,34.0,Male,0,36,48.0,Debit Card,Jabodetabek,Yes
CUST00261,2025-04-12,18.0,Male,0,24,44.0,Credit Card,Jabodetabek,No
CUST00262,2023-06-22,,,0,8,,Cash,,Yes
CUST00263,2024-04-01,,Female,0,14,,Credit Card,Jawa Barat,No
CUST00264,2024-01-28,,Female,4851320,31,4.0,Cash,Jawa Barat,No
CUST00265,2024-07-11,59.0,F,2430261,25,,E-Wallet,Jawa Tengah,No
CUST00266,2025-04-08,42.0,F,3668734,15,,E-Wallet,Jawa Barat,Yes
CUST00267,2024-08-12,28.0,F,3558947,53,48.0,E-Wallet,Jawa Barat,Yes
CUST00268,2024-08-04,68.0,,4690745,45,23.0,Debit Card,Jawa Barat,No
CUST00269,2023-01-21,,,886338,6,4.0,Cash,Jabodetabek,Yes
CUST00270,2023-06-01,39.0,,3714623,12,21.0,Debit Card,Jabodetabek,Yes
CUST00271,2023-11-06,51.0,M,4477523,26,38.0,Debit Card,Jawa Barat,No
CUST00272,2024-11-12,,,3365329,36,,Debit Card,,Yes
CUST00273,2023-07-06,37.0,,895362,45,,E-Wallet,Jawa Barat,Yes
CUST00274,2023-11-24,58.0,Female,0,48,5.0,Credit Card,Jawa Tengah,No
CUST00275,2025-01-07,,Male,3523325,5,,Credit Card,,Yes
CUST00276,2025-04-28,46.0,F,0,23,,Debit Card,Jawa Barat,Yes
CUST00277,2023-06-24,46.0,F,0,17,7.0,Debit Card,Jabodetabek,No
CUST00278,2023-06-10,,Male,2174744,28,42.0,Credit Card,Jawa Tengah,No
CUST00279,2023-09-01,,Male,4514223,35,,Credit Card,,No
CUST00280,2025-04-23,,,0,1,28.0,Cash,Jawa Barat,No
CUST00281,2025-03-14,24.0,F,0,6,31.0,Cash,,No
CUST00282,2024-04-01,60.0,Male,2432229,24,,E-Wallet,,Yes
CUST00283,2024-11-15,47.0,M,1276430,10,49.0,Cash,Jawa Barat,Yes
CUST00284,2023-11-03,,Male,3877935,44,31.0,Cash,Jabodetabek,No
CUST00285,2023-05-10,74.0,Male,0,12,11.0,Cash,Jabodetabek,Yes
CUST00286,2024-02-02,68.0,,4749251,17,21.0,Cash,Jawa Tengah,Yes
CUST00287,2024-02-29,,Female,4649516,40,,Debit Card,Jabodetabek,Yes
CUST00288,2024-01-28,24.0,F,4819227,57,,Cash,Jabodetabek,No
CUST00289,2024-02-10,,M,4296552,44,,Debit Card,Jabodetabek,Yes
CUST00290,2025-06-08,,Female,0,20,,Debit Card,Jawa Tengah,Yes
CUST00291,2025-04-23,,F,4268733,6,,Cash,Jawa Tengah,Yes
CUST00292,2023-06-27,21.0,Female,3652472,33,26.0,Debit Card,Jabodetabek,Yes
CUST00293,2025-04-23,,F,0,46,,Cash,Jabodetabek,No
CUST00294,2023-06-17,,M,0,12,,Credit Card,Jawa Tengah,No
CUST00295,2024-11-24,19.0,Female,4790593,50,14.0,E-Wallet,,Yes
CUST00296,2023-09-16,65.0,,187320,42,12.0,E-Wallet,Jawa Tengah,Yes
CUST00297,2023-01-08,,,2075177,30,,E-Wallet,Jawa Tengah,Yes
CUST00298,2023-09-25,37.0,M,0,18,,Debit Card,Jawa Barat,No
CUST00299,2023-10-30,51.0,M,0,44,9.0,Cash,,No
CUST00300,2024-06-03,65.0,M,3719673,46,,Debit Card,Jawa Barat,No
CUST00301,2024-11-01,,Male,0,47,36.0,Debit Card,Jawa Tengah,No
CUST00302,2024-04-26,,Male,0,38,,Credit Card,,Yes
CUST00303,2023-07-25,30.0,M,0,27,4.0,Cash,,Yes
CUST00304,2024-10-11,70.0,Male,906471,32,22.0,Credit Card,,No
CUST00305,2024-02-18,35.0,F,814525,9,,Cash,,No
CUST00306,2024-11-23,65.0,Male,0,1,21.0,Debit Card,Jawa Barat,Yes
CUST00307,2025-04-23,40.0,Male,3804363,38,20.0,E-Wallet,Jawa Tengah,Yes
CUST00308,2024-05-16,73.0,M,0,57,44.0,Debit Card,Jawa Barat,No
CUST00309,2023-05-07,43.0,M,1090871,14,47.0,Credit Card,,Yes
CUST00310,2024-12-07,69.0,Male,353788,43,7.0,Cash,,Yes
CUST00311,2024-03-06,66.0,Male,3994881,10,14.0,E-Wallet,Jawa Barat,No
CUST00312,2024-09-15,66.0,Female,643814,51,,E-Wallet,Jawa Barat,Yes
CUST00313,2023-08-29,,Male,3082639,32,,Credit Card,Jabodetabek,No
CUST00314,2023-09-20,74.0,Female,2222422,50,33.0,Cash,Jawa Tengah,Yes
CUST00315,2025-03-31,34.0,M,568628,56,,Cash,Jabodetabek,No
CUST00316,2024-09-28,24.0,M,4391156,11,,Credit Card,Jawa Tengah,No
CUST00317,2024-10-26,39.0,Female,0,18,,Credit Card,Jawa Barat,No
CUST00318,2024-09-17,21.0,F,4910981,31,,E-Wallet,Jabodetabek,Yes
CUST00319,2024-11-01,,M,0,29,3.0,Credit Card,Jawa Barat,No
CUST00320,2024-05-08,70.0,M,4443347,40,,Cash,Jawa Barat,Yes
CUST00321,2023-03-18,53.0,F,198842,33,,E-Wallet,Jawa Barat,Yes
CUST00322,2023-03-22,39.0,F,3467049,42,,Cash,,Yes
CUST00323,2024-02-18,,F,0,48,42.0,Credit Card,Jabodetabek,Yes
CUST00324,2024-01-08,74.0,Male,4866697,36,,Debit Card,,No
CUST00325,2023-04-10,73.0,Female,4502940,24,,Credit Card,Jawa Tengah,Yes
CUST00326,2024-05-19,,Female,0,45,7.0,Cash,Jabodetabek,Yes
CUST00327,2023-04-21,34.0,F,0,14,30.0,Credit Card,Jabodetabek,No
CUST00328,2025-05-08,72.0,,0,1,34.0,Cash,Jawa Barat,No
CUST00329,2024-03-04,67.0,,0,43,,Debit Card,Jawa Tengah,No
CUST00330,2024-12-29,,,2049372,9,,Debit Card,Jawa Barat,No
CUST00331,2024-05-30,74.0,,0,59,44.0,E-Wallet,Jabodetabek,Yes
CUST00332,2025-04-07,,Male,4413991,58,,Credit Card,Jabodetabek,No
CUST00333,2023-05-30,42.0,Male,0,49,,E-Wallet,Jawa Barat,No
CUST00334,2023-09-01,,,3214916,56,44.0,E-Wallet,Jabodetabek,No
CUST00335,2024-09-27,,F,1461365,1,,Debit Card,Jawa Tengah,Yes
CUST00336,2024-11-30,73.0,Male,4627697,13,,Debit Card,Jawa Barat,Yes
CUST00337,2024-08-21,,M,0,36,17.0,Credit Card,Jawa Tengah,Yes
CUST00338,2025-03-19,47.0,,0,39,,E-Wallet,Jabodetabek,No
CUST00339,2024-07-10,38.0,,921202,51,33.0,Cash,Jabodetabek,No
CUST00340,2023-04-28,40.0,M,0,19,,Cash,Jawa Barat,Yes
CUST00341,2024-01-31,74.0,M,3083628,57,,E-Wallet,Jabodetabek,Yes
CUST00342,2024-06-10,70.0,Male,0,3,19.0,Credit Card,Jawa Barat,No
CUST00343,2025-05-05,52.0,Male,3442040,41,50.0,Debit Card,,No
CUST00344,2023-03-17,66.0,Male,0,46,22.0,Debit Card,Jawa Tengah,Yes
CUST00345,2024-03-19,66.0,M,0,27,,Credit Card,,No
CUST00346,2024-05-29,25.0,Male,4585364,38,3.0,E-Wallet,Jawa Tengah,No
CUST00347,2023-06-10,,,0,53,43.0,Debit Card,Jawa Barat,No
CUST00348,2024-07-20,,,3625069,57,,Debit Card,Jabodetabek,Yes
CUST00349,2023-08-05,65.0,F,4126489,6,20.0,Debit Card,Jawa Barat,No
CUST00350,2024-10-22,68.0,,1210075,12,43.0,Credit Card,Jawa Tengah,No
CUST00351,2023-05-12,,Female,3414014,38,,Credit Card,Jawa Tengah,No
CUST00352,2024-08-02,57.0,,0,22,,E-Wallet,Jawa Tengah,Yes
CUST00353,2025-05-10,45.0,M,1463718,46,,Debit Card,Jawa Tengah,No
CUST00354,2024-10-23,,,0,32,36.0,Credit Card,Jawa Tengah,Yes
CUST00355,2025-05-19,26.0,,4538354,5,47.0,Credit Card,,Yes
CUST00356,2024-01-10,55.0,F,3546552,58,,Debit Card,Jawa Tengah,Yes
CUST00357,2025-05-18,72.0,,0,24,33.0,Debit Card,Jawa Barat,Yes
CUST00358,2025-02-18,46.0,F,4543335,31,23.0,Debit Card,Jabodetabek,Yes
CUST00359,2024-04-10,34.0,Male,329551,34,,Credit Card,Jawa Tengah,No
CUST00360,2024-10-31,73.0,F,4750854,17,38.0,E-Wallet,Jabodetabek,No
CUST00361,2024-09-10,,Male,0,23,,Debit Card,,No
CUST00362,2024-01-06,28.0,,0,14,10.0,Credit Card,Jawa Barat,Yes
CUST00363,2024-10-24,70.0,F,4009813,31,31.0,Credit Card,Jawa Barat,Yes
CUST00364,2023-06-20,67.0,M,3282536,33,3.0,Debit Card,,Yes
CUST00365,2023-08-10,74.0,F,4842366,47,,Cash,,Yes
CUST00366,2023-06-21,,M,4666430,53,50.0,Cash,Jabodetabek,No
CUST00367,2024-09-12,,Male,704542,13,,Debit Card,,Yes
CUST00368,2025-03-04,57.0,F,2378978,6,31.0,Cash,Jawa Tengah,Yes
CUST00369,2024-08-26,,,0,51,,Credit Card,,No
CUST00370,2023-07-13,,Male,1125229,19,,Credit Card,Jabodetabek,No
CUST00371,2024-03-12,,,0,27,24.0,E-Wallet,Jawa Tengah,Yes
CUST00372,2024-07-19,71.0,,0,44,26.0,Cash,Jawa Barat,No
CUST00373,2025-05-25,73.0,Male,0,37,,Debit Card,,Yes
CUST00374,2024-02-03,28.0,Male,0,52,36.0,Credit Card,Jawa Barat,Yes
CUST00375,2025-01-11,,F,0,15,24.0,Cash,Jawa Tengah,Yes
CUST00376,2023-02-04,56.0,,2223531,13,,Debit Card,Jawa Barat,Yes
CUST00377,2024-11-16,20.0,F,151204,18,,Cash,Jawa Barat,No
CUST00378,2025-04-15,65.0,M,437801,36,,Debit Card,Jawa Barat,No
CUST00379,2024-05-30,71.0,M,169509,27,33.0,E-Wallet,Jabodetabek,Yes
CUST00380,2025-02-14,69.0,M,0,25,,Cash,,Yes
CUST00381,2025-03-30,,M,637664,25,41.0,Cash,Jawa Tengah,Yes
CUST00382,2024-07-21,51.0,Female,0,6,,Cash,Jawa Tengah,Yes
CUST00383,2023-08-29,68.0,Female,3383326,44,,E-Wallet,Jawa Barat,Yes
CUST00384,2025-02-21,32.0,,1643287,8,,Credit Card,,Yes
CUST00385,2025-02-21,,,4883496,56,,E-Wallet,,Yes
CUST00386,2024-02-08,32.0,Female,0,31,35.0,Cash,Jabodetabek,No
CUST00387,2024-01-06,,,3024788,14,25.0,E-Wallet,Jawa Barat,No
CUST00388,2024-03-10,53.0,Female,3988482,22,24.0,Cash,Jawa Tengah,No
CUST00389,2025-01-08,,M,3377255,9,37.0,Debit Card,,Yes
CUST00390,2025-05-19,42.0,,777250,12,,E-Wallet,,Yes
CUST00391,2025-04-13,69.0,M,350107,45,11.0,Cash,Jabodetabek,Yes
CUST00392,2024-02-26,,Male,3755617,36,,E-Wallet,Jawa Barat,Yes
CUST00393,2023-03-22,74.0,F,0,23,,E-Wallet,,No
CUST00394,2023-03-23,58.0,Female,3884613,40,,E-Wallet,Jawa Barat,Yes
CUST00395,2024-03-31,70.0,M,0,39,,Cash,,No
CUST00396,2023-06-20,28.0,F,674455,43,17.0,Credit Card,Jabodetabek,Yes
CUST00397,2023-09-26,72.0,,0,34,49.0,Debit Card,Jabodetabek,Yes
CUST00398,2024-06-23,,Female,3518828,19,29.0,Credit Card,Jabodetabek,Yes
CUST00399,2024-12-15,,,3979775,60,,Debit Card,,Yes
CUST00400,2024-05-08,75.0,,4097774,41,,Debit Card,Jabodetabek,No
CUST00401,2023-12-19,,M,1878908,20,1.0,Cash,Jabodetabek,Yes
CUST00402,2024-07-15,,M,0,52,19.0,Debit Card,,Yes
CUST00403,2023-08-14,,M,3342400,48,,Credit Card,,No
CUST00404,2023-07-12,68.0,Male,3597010,48,,Debit Card,Jawa Barat,No
CUST00405,2023-11-25,66.0,Male,0,18,,Debit Card,Jabodetabek,Yes
CUST00406,2023-08-27,52.0,Male,0,9,,Debit Card,Jabodetabek,Yes
CUST00407,2023-03-24,,Female,0,24,30.0,Credit Card,Jawa Tengah,No
CUST00408,2023-05-05,66.0,Female,2121938,58,,Cash,,Yes
CUST00409,2024-02-03,33.0,M,2082880,34,43.0,E-Wallet,Jawa Barat,No
CUST00410,2024-01-05,65.0,Male,2455105,17,,Debit Card,Jabodetabek,Yes
CUST00411,2025-03-19,,Female,1511108,51,18.0,Credit Card,Jabodetabek,No
CUST00412,2024-12-03,72.0,,800083,16,,E-Wallet,Jabodetabek,Yes
CUST00413,2023-08-27,70.0,M,4470791,51,7.0,E-Wallet,,No
CUST00414,2024-12-24,65.0,F,3751131,9,17.0,E-Wallet,,No
CUST00415,2023-03-12,30.0,,0,47,,Debit Card,,Yes
CUST00416,2023-01-20,69.0,,1689782,50,,E-Wallet,Jawa Barat,Yes
CUST00417,2024-09-19,66.0,M,0,13,,E-Wallet,,Yes
CUST00418,2025-06-13,59.0,Male,4097231,5,3.0,Debit Card,Jabodetabek,Yes
CUST00419,2023-02-20,49.0,M,4197499,54,,Debit Card,Jabodetabek,No
CUST00420,2024-07-25,68.0,F,2211104,30,41.0,E-Wallet,Jabodetabek,No
CUST00421,2024-06-15,69.0,Male,320511,54,20.0,Credit Card,Jawa Barat,Yes
CUST00422,2025-02-03,52.0,Male,4103504,16,37.0,E-Wallet,,No
CUST00423,2024-06-30,60.0,,849648,36,,Cash,Jawa Tengah,Yes
CUST00424,2024-07-30,,,3864746,28,,Debit Card,,Yes
CUST00425,2024-09-02,,Male,0,1,47.0,Debit Card,Jawa Tengah,No
CUST00426,2023-04-07,18.0,Male,0,2,,Cash,Jawa Tengah,Yes
CUST00427,2023-04-05,,,4865679,16,,Cash,Jawa Barat,No
CUST00428,2023-02-08,,,4023989,45,37.0,Cash,Jabodetabek,No
CUST00429,2024-10-11,,F,1971604,56,50.0,Credit Card,Jawa Tengah,Yes
CUST00430,2023-02-21,,F,2414629,21,33.0,Cash,Jabodetabek,Yes
CUST00431,2024-07-15,,F,1803908,22,,E-Wallet,Jabodetabek,Yes
CUST00432,2024-02-09,,,696833,31,36.0,Debit Card,Jawa Barat,No
CUST00433,2024-11-18,,F,3678243,60,37.0,Cash,Jawa Tengah,Yes
CUST00434,2023-12-25,,,4245450,2,,Cash,Jawa Barat,Yes
CUST00435,2025-01-27,46.0,Male,0,10,49.0,Debit Card,Jawa Barat,Yes
CUST00436,2025-01-27,,,0,31,,Debit Card,Jawa Barat,Yes
CUST00437,2024-08-19,,,4012979,47,10.0,Credit Card,Jawa Tengah,No
CUST00438,2024-11-01,,Male,4655048,40,18.0,Credit Card,,No
CUST00439,2024-01-25,69.0,,1660868,2,,Credit Card,Jawa Tengah,Yes
CUST00440,2023-09-11,74.0,,519185,33,30.0,E-Wallet,Jawa Tengah,Yes
CUST00441,2023-08-30,71.0,,0,44,,E-Wallet,Jabodetabek,No
CUST00442,2024-02-07,,Female,4979998,18,15.0,Credit Card,,No
CUST00443,2024-09-11,75.0,M,1103902,37,,Cash,Jawa Barat,No
CUST00444,2024-03-16,31.0,Female,2420602,56,,Debit Card,Jawa Tengah,Yes
CUST00445,2024-02-28,73.0,F,0,54,10.0,E-Wallet,,No
CUST00446,2024-09-02,58.0,Female,938250,12,,Debit Card,Jabodetabek,Yes
CUST00447,2023-07-08,66.0,F,3281200,55,,Cash,,No
CUST00448,2023-08-16,26.0,Female,0,49,,Debit Card,Jabodetabek,No
CUST00449,2024-02-19,72.0,Male,0,56,30.0,Cash,Jawa Tengah,No
CUST00450,2024-04-07,74.0,F,4101488,57,46.0,Credit Card,Jawa Barat,Yes
CUST00451,2023-10-26,,F,0,34,49.0,Cash,Jawa Tengah,Yes
CUST00452,2025-04-29,36.0,F,3617442,59,4.0,Credit Card,Jabodetabek,No
CUST00453,2023-07-03,74.0,F,0,27,,Debit Card,,Yes
CUST00454,2024-10-11,,M,4506540,8,6.0,Credit Card,,No
CUST00455,2024-08-02,50.0,Female,0,3,50.0,Debit Card,Jawa Barat,No
CUST00456,2023-05-01,,Female,3649106,50,,Debit Card,Jabodetabek,Yes
CUST00457,2023-08-11,57.0,,0,35,,Cash,,Yes
CUST00458,2023-07-09,44.0,Female,3513200,18,40.0,Credit Card,Jawa Tengah,Yes
CUST00459,2023-06-15,20.0,M,1401754,4,,Debit Card,,Yes
CUST00460,2025-02-15,55.0,F,0,21,,Credit Card,Jawa Tengah,Yes
CUST00461,2024-09-18,48.0,Male,3690400,27,34.0,Credit Card,Jabodetabek,Yes
CUST00462,2023-05-13,74.0,,3895596,55,,Cash,,No
CUST00463,2024-04-21,67.0,Male,0,13,1.0,Debit Card,,Yes
CUST00464,2023-09-18,,Male,4175276,14,1.0,E-Wallet,Jawa Tengah,No
CUST00465,2025-05-02,,Female,3238732,22,,Debit Card,Jawa Tengah,Yes
CUST00466,2024-10-04,,F,2140199,42,,E-Wallet,,Yes
CUST00467,2024-08-14,65.0,M,4184770,44,21.0,E-Wallet,Jabodetabek,Yes
CUST00468,2024-09-01,27.0,Male,3786936,35,,E-Wallet,Jawa Tengah,Yes
CUST00469,2024-06-21,,M,514056,24,,Debit Card,Jabodetabek,Yes
CUST00470,2023-12-15,41.0,F,3930661,2,31.0,E-Wallet,Jawa Tengah,Yes
CUST00471,2023-01-05,66.0,M,3430308,3,,Credit Card,Jabodetabek,Yes
CUST00472,2024-10-16,39.0,Female,4091730,48,20.0,E-Wallet,Jawa Barat,No
CUST00473,2023-06-11,,M,0,43,,Credit Card,Jabodetabek,Yes
CUST00474,2023-05-25,73.0,M,3433224,23,,Debit Card,Jawa Barat,No
CUST00475,2024-11-22,69.0,Male,0,4,9.0,Credit Card,,No
CUST00476,2023-11-16,,M,3375354,39,,Debit Card,Jabodetabek,No
CUST00477,2024-12-01,47.0,F,4704672,30,,Cash,Jawa Barat,No
CUST00478,2024-04-09,67.0,F,0,26,,Credit Card,Jabodetabek,No
CUST00479,2024-06-04,,Male,2157612,19,,Cash,Jabodetabek,Yes
CUST00480,2023-09-02,73.0,,0,35,,Debit Card,Jawa Barat,No
CUST00481,2024-07-11,48.0,Female,3436707,38,,Debit Card,Jabodetabek,No
CUST00482,2024-02-20,54.0,Male,3682367,7,29.0,Credit Card,,No
CUST00483,2024-11-07,72.0,Female,407875,53,9.0,Cash,Jawa Tengah,Yes
CUST00484,2024-03-21,74.0,M,2025524,44,,Credit Card,Jabodetabek,No
CUST00485,2024-12-21,,,0,4,24.0,E-Wallet,Jabodetabek,Yes
CUST00486,2024-02-20,36.0,F,4472666,26,,Cash,Jawa Barat,No
CUST00487,2023-10-23,,Female,3394740,25,,Debit Card,Jabodetabek,Yes
CUST00488,2023-05-21,22.0,F,0,43,28.0,Cash,,Yes
CUST00489,2023-08-20,,Female,3889453,53,,Cash,Jabodetabek,No
CUST00490,2023-02-08,72.0,,4493444,18,,Cash,Jawa Tengah,Yes
CUST00491,2024-06-13,,Male,3297979,47,,Credit Card,Jawa Barat,No
CUST00492,2023-12-18,75.0,,4434607,35,,Credit Card,,Yes
CUST00493,2023-02-06,,,0,52,,E-Wallet,Jawa Tengah,Yes
CUST00494,2024-05-11,,Male,859169,43,19.0,Debit Card,Jabodetabek,No
CUST00495,2024-08-28,35.0,Female,0,1,48.0,Cash,Jawa Tengah,Yes
CUST00496,2023-03-28,69.0,Female,1140677,52,34.0,Debit Card,,No
CUST00497,2024-10-19,44.0,M,4522530,11,,Credit Card,Jabodetabek,Yes
CUST00498,2024-11-30,,F,0,48,49.0,Cash,Jawa Tengah,No
CUST00499,2023-04-10,,,0,25,,E-Wallet,,Yes
CUST00500,2024-04-17,,Female,0,52,,Debit Card,Jawa Tengah,No
CUST00501,2023-04-11,70.0,,194367,54,5.0,Credit Card,,No
CUST00502,2024-08-31,68.0,Female,1338233,3,2.0,Credit Card,Jabodetabek,Yes
CUST00503,2023-09-17,23.0,M,4376559,37,12.0,Cash,Jabodetabek,Yes
CUST00504,2023-06-15,,Male,4451693,50,,E-Wallet,Jabodetabek,No
CUST00505,2023-07-25,,,0,12,29.0,Cash,Jawa Barat,No
CUST00506,2025-01-02,59.0,M,0,14,40.0,Credit Card,Jabodetabek,No
CUST00507,2023-02-08,66.0,F,0,2,32.0,E-Wallet,Jawa Barat,Yes
CUST00508,2024-02-18,71.0,Male,4080836,50,,Debit Card,Jabodetabek,No
CUST00509,2023-02-26,42.0,Male,0,22,,E-Wallet,Jawa Tengah,No
CUST00510,2024-12-13,,F,3370395,3,25.0,Credit Card,Jawa Tengah,No
CUST00511,2025-01-07,66.0,,1987036,9,3.0,Debit Card,,Yes
CUST00512,2023-12-14,66.0,Male,4047913,54,29.0,E-Wallet,Jabodetabek,Yes
CUST00513,2023-03-15,43.0,Male,3961272,56,35.0,Debit Card,,Yes
CUST00514,2024-10-09,,Male,3508942,42,9.0,E-Wallet,Jabodetabek,Yes
CUST00515,2025-04-03,47.0,Female,418257,8,32.0,Cash,Jawa Tengah,Yes
CUST00516,2023-12-10,43.0,Male,0,54,14.0,Credit Card,Jawa Tengah,Yes
CUST00517,2023-04-13,27.0,,1701587,29,16.0,Cash,Jawa Barat,Yes
CUST00518,2024-12-11,19.0,F,176632,60,,Debit Card,Jawa Barat,No
CUST00519,2025-01-04,,F,0,16,12.0,Credit Card,Jawa Tengah,Yes
CUST00520,2025-06-02,40.0,,2489206,8,34.0,Debit Card,,No
CUST00521,2023-06-30,58.0,Female,1309417,8,,Credit Card,Jabodetabek,No
CUST00522,2023-04-17,,Male,0,22,,Debit Card,Jawa Barat,Yes
CUST00523,2023-07-23,72.0,M,636812,47,,Debit Card,Jabodetabek,No
CUST00524,2023-03-17,38.0,F,0,56,,Cash,Jabodetabek,Yes
CUST00525,2024-10-09,45.0,M,0,24,,E-Wallet,Jawa Barat,Yes
CUST00526,2023-06-25,39.0,M,400197,8,,Debit Card,Jawa Tengah,No
CUST00527,2025-05-27,67.0,,4212408,55,15.0,Cash,Jawa Barat,No
CUST00528,2023-12-02,,F,3030416,28,48.0,Debit Card,Jawa Barat,Yes
CUST00529,2024-06-27,,F,0,47,50.0,Cash,Jabodetabek,No
CUST00530,2023-05-16,46.0,M,498511,45,,E-Wallet,Jawa Barat,Yes
CUST00531,2024-04-10,59.0,F,0,11,,Debit Card,,Yes
CUST00532,2024-12-08,70.0,M,4476189,1,41.0,Credit Card,Jawa Tengah,No
CUST00533,2025-01-23,69.0,Male,2425137,51,44.0,E-Wallet,Jabodetabek,No
CUST00534,2024-07-28,,Female,2101831,24,24.0,Debit Card,Jawa Tengah,Yes
CUST00535,2023-11-25,33.0,M,4546398,56,45.0,E-Wallet,,Yes
CUST00536,2024-12-27,35.0,,0,32,33.0,E-Wallet,,No
CUST00537,2023-10-23,70.0,Male,0,6,,Credit Card,Jawa Barat,Yes
CUST00538,2024-03-02,66.0,,770564,56,14.0,Debit Card,,No
CUST00539,2024-02-26,,,240103,5,2.0,E-Wallet,Jawa Tengah,No
CUST00540,2025-03-19,74.0,M,4765608,29,,Debit Card,Jawa Tengah,Yes
CUST00541,2023-06-20,,,1358573,10,,Debit Card,Jawa Tengah,No
CUST00542,2024-03-27,67.0,M,793761,8,,E-Wallet,Jawa Barat,Yes
CUST00543,2024-07-06,73.0,Female,0,23,,E-Wallet,Jabodetabek,No
CUST00544,2025-01-26,,,0,60,21.0,E-Wallet,Jawa Tengah,Yes
CUST00545,2025-01-19,69.0,F,4676832,47,,Credit Card,Jawa Barat,Yes
CUST00546,2023-04-05,,M,3842278,54,,Credit Card,Jawa Barat,No
CUST00547,2024-06-08,55.0,F,1315711,6,,Debit Card,,Yes
CUST00548,2023-06-01,74.0,F,2295620,59,,E-Wallet,,No
CUST00549,2025-01-15,,F,0,29,36.0,Cash,,Yes
CUST00550,2023-08-01,67.0,M,0,9,38.0,Cash,Jawa Tengah,Yes
CUST00551,2024-07-23,,F,0,41,,Debit Card,Jawa Barat,Yes
CUST00552,2024-07-26,,F,2473086,53,,Debit Card,Jabodetabek,No
CUST00553,2023-07-03,,F,4343341,31,,Debit Card,Jabodetabek,No
CUST00554,2025-06-08,,M,4255966,24,,Cash,Jabodetabek,No
CUST00555,2023-11-24,73.0,F,0,11,38.0,Debit Card,Jawa Tengah,Yes
CUST00556,2023-10-26,,,3879784,59,23.0,Credit Card,Jawa Barat,No
CUST00557,2024-12-02,58.0,M,0,56,,Credit Card,Jawa Tengah,No
CUST00558,2023-06-16,27.0,Male,0,50,,Debit Card,Jawa Barat,No
CUST00559,2024-04-16,50.0,Male,4286452,54,34.0,Credit Card,Jawa Barat,No
CUST00560,2024-12-27,,M,0,9,,Credit Card,Jabodetabek,Yes
CUST00561,2023-03-22,67.0,F,747098,20,9.0,Credit Card,Jabodetabek,Yes
CUST00562,2023-05-02,,M,328328,3,43.0,Credit Card,Jabodetabek,No
CUST00563,2023-07-09,37.0,M,554765,59,39.0,Credit Card,Jabodetabek,Yes
CUST00564,2023-04-12,69.0,,1608932,55,33.0,Credit Card,Jawa Barat,Yes
CUST00565,2024-12-15,30.0,,3009078,7,,Debit Card,,No
CUST00566,2025-02-18,,M,1742220,33,,Credit Card,,Yes
CUST00567,2023-12-02,25.0,F,0,46,19.0,Credit Card,,Yes
CUST00568,2025-05-25,72.0,F,0,15,,Debit Card,Jabodetabek,No
CUST00569,2024-03-24,,,3026813,32,44.0,Credit Card,Jabodetabek,No
CUST00570,2023-07-25,,,576653,5,24.0,Cash,Jabodetabek,No
CUST00571,2023-12-31,71.0,F,3584095,50,,Cash,,No
CUST00572,2024-10-05,50.0,Female,2056876,17,,Credit Card,Jabodetabek,Yes
CUST00573,2023-11-07,,,0,39,,Credit Card,Jabodetabek,Yes
CUST00574,2024-07-09,,M,0,43,,Credit Card,Jabodetabek,No
CUST00575,2023-07-01,,,0,29,30.0,E-Wallet,Jawa Barat,Yes
CUST00576,2024-11-06,49.0,,0,32,49.0,Cash,,No
CUST00577,2025-02-23,67.0,M,0,32,,E-Wallet,Jabodetabek,No
CUST00578,2024-01-25,19.0,Male,0,23,48.0,Cash,Jawa Tengah,No
CUST00579,2024-12-05,,Male,386765,16,,E-Wallet,Jabodetabek,Yes
CUST00580,2023-10-01,39.0,Male,2408283,30,,Cash,Jabodetabek,No
CUST00581,2023-12-11,71.0,F,3676166,7,32.0,E-Wallet,Jawa Barat,Yes
CUST00582,2023-09-29,,Male,0,41,5.0,E-Wallet,,No
CUST00583,2023-03-10,74.0,,4505140,7,,Cash,,No
CUST00584,2024-02-29,31.0,F,0,28,,E-Wallet,,Yes
CUST00585,2024-11-07,60.0,F,4316684,34,,E-Wallet,,Yes
CUST00586,2025-02-03,54.0,M,0,30,10.0,Cash,,Yes
CUST00587,2024-12-04,66.0,,0,18,19.0,Debit Card,,No
CUST00588,2024-07-27,33.0,F,954954,52,,Cash,Jabodetabek,No
CUST00589,2025-01-09,,F,0,51,18.0,Credit Card,Jabodetabek,Yes
CUST00590,2024-02-11,70.0,Female,1399815,58,,Debit Card,Jabodetabek,Yes
CUST00591,2023-04-03,54.0,Female,4392964,50,,Credit Card,Jawa Tengah,No
CUST00592,2023-05-28,74.0,Male,4689972,48,,Debit Card,Jawa Barat,Yes
CUST00593,2023-11-21,,,4809632,4,,Cash,,Yes
CUST00594,2025-05-11,33.0,Male,3996612,24,20.0,Debit Card,Jawa Tengah,Yes
CUST00595,2024-02-02,,Male,4894057,8,35.0,Cash,Jawa Tengah,No
CUST00596,2025-03-19,37.0,Male,1397482,59,,E-Wallet,Jabodetabek,No
CUST00597,2024-12-16,72.0,M,0,46,28.0,Credit Card,Jawa Tengah,Yes
CUST00598,2024-10-18,74.0,Female,0,30,45.0,Cash,Jawa Barat,Yes
CUST00599,2024-06-12,18.0,Female,3657922,6,8.0,Cash,Jawa Tengah,Yes
CUST00600,2023-07-23,72.0,Male,709980,44,,Cash,Jawa Tengah,No
CUST00601,2024-04-18,,Female,1091567,60,36.0,E-Wallet,Jawa Barat,Yes
CUST00602,2024-08-03,71.0,Male,0,10,,Credit Card,,Yes
CUST00603,2025-02-03,,F,3470776,14,,Cash,Jawa Barat,No
CUST00604,2023-07-04,68.0,F,0,47,44.0,Debit Card,Jabodetabek,No
CUST00605,2023-01-11,36.0,F,2041533,24,,Debit Card,Jawa Tengah,Yes
CUST00606,2023-04-08,43.0,,0,48,,Credit Card,Jabodetabek,Yes
CUST00607,2023-09-17,,,4271659,52,39.0,Cash,Jawa Tengah,Yes
CUST00608,2023-06-23,,,4871133,3,38.0,Cash,Jawa Tengah,No
CUST00609,2023-11-17,47.0,Male,4489513,28,,Debit Card,,Yes
CUST00610,2024-03-22,,Female,0,40,,E-Wallet,,No
CUST00611,2023-02-06,73.0,F,1995450,10,4.0,E-Wallet,Jawa Barat,Yes
CUST00612,2024-05-19,47.0,Male,0,23,,Debit Card,Jabodetabek,No
CUST00613,2024-08-20,40.0,Male,1341670,48,,Debit Card,,Yes
CUST00614,2024-01-18,,,0,2,19.0,Credit Card,Jawa Tengah,No
CUST00615,2024-08-31,27.0,Male,4742102,43,,E-Wallet,Jabodetabek,No
CUST00616,2025-06-02,,Male,4986880,47,37.0,E-Wallet,Jawa Tengah,Yes
CUST00617,2023-04-02,66.0,Male,0,17,12.0,Debit Card,Jawa Barat,No
CUST00618,2024-01-03,,Male,0,32,,E-Wallet,Jawa Barat,Yes
CUST00619,2025-04-10,,M,3563042,39,28.0,Debit Card,,No
CUST00620,2024-05-22,58.0,,0,30,44.0,Credit Card,Jawa Tengah,Yes
CUST00621,2024-06-19,47.0,F,2153247,9,,E-Wallet,Jabodetabek,Yes
CUST00622,2024-11-07,53.0,,3225721,28,27.0,E-Wallet,Jawa Tengah,No
CUST00623,2025-03-16,34.0,Female,2261599,48,,Cash,Jabodetabek,Yes
CUST00624,2023-12-16,71.0,Female,3658393,47,,Debit Card,Jawa Barat,No
CUST00625,2023-01-14,,Female,3909742,2,,Cash,,Yes
CUST00626,2025-04-03,75.0,M,3635017,53,,Credit Card,Jawa Barat,No
CUST00627,2024-05-07,26.0,Female,619395,45,13.0,Debit Card,,Yes
CUST00628,2023-04-30,58.0,Female,0,10,,Debit Card,,Yes
CUST00629,2023-12-08,49.0,Male,2035407,13,,Credit Card,,Yes
CUST00630,2023-08-26,72.0,Male,2474921,32,,Credit Card,,No
CUST00631,2024-09-29,70.0,M,3561719,27,31.0,Cash,,No
CUST00632,2024-09-08,,F,0,29,15.0,Debit Card,Jawa Tengah,No
CUST00633,2024-12-08,71.0,Male,0,52,11.0,Cash,Jawa Barat,No
CUST00634,2024-07-24,29.0,Male,0,32,20.0,Credit Card,Jawa Tengah,Yes
CUST00635,2023-04-27,70.0,,3366403,3,,Debit Card,Jabodetabek,No
CUST00636,2025-05-23,,,0,50,,Credit Card,Jabodetabek,Yes
CUST00637,2023-06-21,46.0,Male,4639243,40,7.0,Debit Card,Jawa Tengah,Yes
CUST00638,2024-10-24,69.0,M,4597955,32,47.0,E-Wallet,Jawa Barat,Yes
CUST00639,2024-06-01,,Female,1893781,16,,Credit Card,Jawa Tengah,No
CUST00640,2024-02-28,,F,3317951,27,15.0,Cash,Jawa Tengah,No
CUST00641,2024-02-16,19.0,Female,4504970,5,,Cash,Jabodetabek,No
CUST00642,2024-02-16,65.0,,4892703,4,,E-Wallet,Jawa Tengah,No
CUST00643,2024-07-11,,,2363718,45,,Cash,Jawa Tengah,Yes
CUST00644,2024-06-16,59.0,,1414714,35,,E-Wallet,Jawa Barat,Yes
CUST00645,2023-01-29,73.0,,0,49,41.0,E-Wallet,Jawa Barat,Yes
CUST00646,2023-05-07,71.0,Male,613226,54,,Credit Card,,No
CUST00647,2023-11-03,74.0,M,0,16,48.0,Debit Card,,No
CUST00648,2023-04-11,51.0,Female,4083077,13,,Cash,,No
CUST00649,2024-01-14,23.0,,1932104,31,,Cash,,Yes
CUST00650,2023-05-28,,,3922914,60,,Debit Card,,Yes
CUST00651,2024-04-29,67.0,Male,4810411,8,45.0,Debit Card,Jawa Tengah,No
CUST00652,2023-05-01,,M,0,37,19.0,E-Wallet,Jawa Tengah,Yes
CUST00653,2023-11-09,,M,267347,10,,Debit Card,Jawa Barat,Yes
CUST00654,2024-08-09,49.0,M,2446537,56,,Cash,Jawa Tengah,No
CUST00655,2024-11-14,72.0,F,707043,33,,Debit Card,Jawa Tengah,No
CUST00656,2024-11-17,74.0,F,1868105,58,,E-Wallet,Jabodetabek,Yes
CUST00657,2024-09-25,65.0,,4176595,8,42.0,Credit Card,Jawa Barat,Yes
CUST00658,2023-09-09,48.0,,4380459,12,,Cash,Jabodetabek,Yes
CUST00659,2023-07-04,,F,1835262,32,,Credit Card,Jawa Tengah,No
CUST00660,2023-09-19,42.0,Male,3208317,11,19.0,Debit Card,Jawa Tengah,Yes
CUST00661,2024-02-04,44.0,Male,0,12,2.0,E-Wallet,Jawa Barat,No
CUST00662,2024-05-19,,,1725016,4,13.0,Cash,Jabodetabek,Yes
CUST00663,2024-10-10,,Female,0,5,31.0,Credit Card,Jawa Tengah,No
CUST00664,2024-04-01,74.0,Male,3516562,42,,Debit Card,Jawa Barat,No
CUST00665,2023-01-02,41.0,F,0,59,,E-Wallet,Jawa Barat,Yes
CUST00666,2025-05-12,,Female,0,54,,E-Wallet,Jabodetabek,No
CUST00667,2025-01-12,73.0,,443329,26,45.0,E-Wallet,,Yes
CUST00668,2023-10-07,74.0,Female,4853738,22,,E-Wallet,Jawa Tengah,No
CUST00669,2023-01-05,72.0,Male,3033291,9,42.0,Debit Card,,No
CUST00670,2024-11-19,,Male,3170181,42,5.0,E-Wallet,,No
CUST00671,2023-07-17,,F,4759816,1,,Credit Card,Jawa Barat,No
CUST00672,2023-08-28,69.0,F,1650810,53,,E-Wallet,Jabodetabek,Yes
CUST00673,2025-06-09,72.0,M,1026971,53,,Cash,Jawa Barat,Yes
CUST00674,2023-09-23,68.0,,3137071,9,48.0,Debit Card,Jawa Tengah,Yes
CUST00675,2024-03-13,30.0,Male,0,44,,E-Wallet,,Yes
CUST00676,2023-02-18,44.0,M,0,24,34.0,Cash,,Yes
CUST00677,2024-12-07,,F,966245,57,37.0,Credit Card,Jawa Barat,Yes
CUST00678,2024-03-18,,Male,3131793,41,7.0,E-Wallet,Jawa Tengah,No
CUST00679,2025-03-05,,,1149750,53,22.0,Cash,Jabodetabek,Yes
CUST00680,2025-05-18,72.0,Male,673559,59,,Debit Card,Jabodetabek,No
CUST00681,2025-05-20,,F,1961264,44,4.0,Cash,Jabodetabek,No
CUST00682,2024-10-28,57.0,Male,0,30,28.0,Cash,Jawa Tengah,No
CUST00683,2024-10-14,55.0,,3025771,46,5.0,E-Wallet,Jawa Tengah,Yes
CUST00684,2023-11-16,72.0,,2014889,9,3.0,Cash,Jawa Tengah,Yes
CUST00685,2024-01-13,74.0,Male,0,20,,Debit Card,Jabodetabek,No
CUST00686,2023-12-16,73.0,Female,0,13,13.0,Cash,,Yes
CUST00687,2024-04-10,70.0,Male,0,27,22.0,Cash,Jawa Barat,Yes
CUST00688,2025-04-06,18.0,F,3978398,14,,Debit Card,,No
CUST00689,2023-10-25,,F,0,2,36.0,Debit Card,Jawa Tengah,Yes
CUST00690,2025-05-17,20.0,,979738,15,17.0,Debit Card,Jawa Barat,No
CUST00691,2024-11-01,30.0,Male,1248020,2,44.0,E-Wallet,Jawa Barat,No
CUST00692,2023-05-02,37.0,Female,0,43,,Debit Card,Jawa Barat,Yes
CUST00693,2025-02-20,,,3666792,28,41.0,Debit Card,Jawa Tengah,Yes
CUST00694,2025-01-14,27.0,Male,0,56,,Cash,Jabodetabek,Yes
CUST00695,2024-12-30,,M,0,34,30.0,Cash,,No
CUST00696,2023-07-27,69.0,F,4338204,42,3.0,Debit Card,,Yes
CUST00697,2023-05-18,,Male,1731600,60,,E-Wallet,,Yes
CUST00698,2024-04-23,51.0,F,3975706,40,,Cash,Jawa Tengah,No
CUST00699,2024-01-03,,Male,1753779,29,,E-Wallet,Jabodetabek,Yes
CUST00700,2023-07-21,35.0,M,0,3,35.0,E-Wallet,Jawa Tengah,No
CUST00701,2025-02-27,68.0,M,4793063,48,,E-Wallet,Jawa Tengah,Yes
CUST00702,2023-08-22,71.0,Female,3989864,33,49.0,Debit Card,,No
CUST00703,2023-11-17,73.0,Female,0,47,,Cash,,Yes
CUST00704,2025-01-25,,Male,0,9,37.0,Cash,Jawa Tengah,No
CUST00705,2024-08-24,,Male,0,49,,Credit Card,Jawa Barat,No
CUST00706,2024-05-01,70.0,Male,1789494,26,,E-Wallet,,Yes
CUST00707,2023-01-28,58.0,Female,3218760,36,12.0,Debit Card,Jabodetabek,No
CUST00708,2024-01-13,42.0,,3610492,34,,Credit Card,Jawa Barat,Yes
CUST00709,2024-02-03,,Female,808654,35,,Debit Card,Jawa Barat,Yes
CUST00710,2023-10-10,71.0,Female,3332988,37,20.0,Credit Card,Jawa Barat,No
CUST00711,2024-04-18,,,0,59,,Credit Card,Jabodetabek,No
CUST00712,2024-03-01,,Female,4468670,51,,Debit Card,,Yes
CUST00713,2025-06-10,71.0,Female,4464906,7,26.0,E-Wallet,Jawa Tengah,Yes
CUST00714,2023-03-20,66.0,Male,0,27,49.0,E-Wallet,,No
CUST00715,2024-01-26,,M,1019781,30,2.0,Cash,Jawa Barat,No
CUST00716,2024-05-11,43.0,F,3240507,59,,Credit Card,Jabodetabek,No
CUST00717,2025-05-08,53.0,Male,0,53,18.0,Credit Card,Jawa Barat,Yes
CUST00718,2023-06-07,66.0,F,1789341,43,49.0,E-Wallet,Jawa Barat,No
CUST00719,2024-12-07,65.0,M,0,45,4.0,Cash,Jabodetabek,No
CUST00720,2023-07-24,56.0,Male,1732911,60,,Credit Card,,Yes
CUST00721,2025-01-11,,Female,4425978,5,15.0,Credit Card,,Yes
CUST00722,2024-03-14,,Male,4178712,13,40.0,Debit Card,Jawa Barat,No
CUST00723,2023-08-06,,F,0,42,21.0,Debit Card,Jabodetabek,No
CUST00724,2025-02-24,69.0,,1697614,57,,Cash,Jabodetabek,No
CUST00725,2023-12-07,52.0,Female,3198693,21,,E-Wallet,,Yes
CUST00726,2023-08-27,22.0,Male,3801890,41,48.0,Credit Card,Jawa Tengah,Yes
CUST00727,2023-06-05,33.0,F,482984,24,,Debit Card,Jabodetabek,Yes
CUST00728,2024-10-25,,M,0,21,42.0,Credit Card,Jawa Barat,No
CUST00729,2024-09-14,39.0,F,1013260,59,43.0,E-Wallet,Jawa Barat,Yes
CUST00730,2023-07-29,46.0,Female,0,5,13.0,Credit Card,Jawa Barat,Yes
CUST00731,2023-06-18,55.0,Female,1141156,28,,Debit Card,,No
CUST00732,2025-06-02,29.0,F,3598428,29,41.0,Credit Card,Jawa Tengah,No
CUST00733,2025-04-19,43.0,F,0,33,,Credit Card,,Yes
CUST00734,2024-04-19,,M,3320442,47,,Cash,Jawa Tengah,No
CUST00735,2023-06-08,73.0,Female,0,9,,Credit Card,Jabodetabek,Yes
CUST00736,2024-05-16,,M,0,26,,Credit Card,,No
CUST00737,2024-10-12,,M,0,17,,Credit Card,,No
CUST00738,2023-09-25,45.0,,0,41,46.0,Cash,Jawa Barat,Yes
CUST00739,2024-12-24,68.0,,827075,50,,Credit Card,Jawa Barat,No
CUST00740,2025-01-21,,F,0,33,,Credit Card,Jabodetabek,No
CUST00741,2023-01-07,,Female,3564178,14,,Cash,Jabodetabek,No
CUST00742,2023-06-30,66.0,M,0,42,,Debit Card,Jawa Barat,Yes
CUST00743,2023-07-25,30.0,Male,2258114,29,37.0,Debit Card,Jawa Barat,Yes
CUST00744,2024-01-22,,Male,4821087,11,,E-Wallet,Jabodetabek,Yes
CUST00745,2023-03-04,65.0,M,0,44,49.0,Credit Card,Jabodetabek,Yes
CUST00746,2024-04-29,68.0,M,3787828,34,,Cash,Jawa Tengah,No
CUST00747,2024-09-17,,Male,1472144,24,,E-Wallet,Jawa Tengah,No
CUST00748,2024-12-17,,Female,1835306,2,39.0,E-Wallet,,No
CUST00749,2023-01-18,75.0,M,0,43,13.0,Credit Card,Jawa Tengah,No
CUST00750,2024-05-02,68.0,Male,3839207,40,,Cash,Jawa Tengah,No
CUST00751,2024-05-24,68.0,Male,4824225,57,37.0,E-Wallet,,Yes
CUST00752,2025-02-10,28.0,Male,4389661,16,16.0,Credit Card,,Yes
CUST00753,2024-11-17,,Male,0,15,,Debit Card,,No
CUST00754,2025-04-07,23.0,Female,0,25,,Debit Card,Jawa Tengah,No
CUST00755,2024-08-09,25.0,M,0,48,38.0,Debit Card,Jawa Tengah,Yes
CUST00756,2024-03-09,74.0,M,157040,38,35.0,E-Wallet,Jawa Barat,No
CUST00757,2023-05-29,75.0,M,0,1,,Debit Card,,No
CUST00758,2023-11-13,67.0,,3305913,43,45.0,Credit Card,Jawa Tengah,No
CUST00759,2023-06-06,72.0,Female,0,46,25.0,Debit Card,Jabodetabek,No
CUST00760,2023-12-12,72.0,F,3627261,59,11.0,Cash,Jawa Tengah,No
CUST00761,2023-04-10,43.0,Female,0,19,45.0,E-Wallet,Jabodetabek,No
CUST00762,2023-05-29,72.0,Female,836584,29,,Debit Card,Jawa Barat,No
CUST00763,2023-04-09,,M,577600,25,28.0,Cash,Jawa Barat,Yes
CUST00764,2023-02-04,66.0,Male,0,10,,Debit Card,,Yes
CUST00765,2025-06-04,69.0,F,4369014,25,50.0,E-Wallet,,No
CUST00766,2024-08-23,41.0,,639171,32,42.0,Cash,Jawa Tengah,Yes
CUST00767,2023-04-12,24.0,M,4015423,45,,Credit Card,Jawa Barat,Yes
CUST00768,2024-06-15,,,4714343,51,,Credit Card,Jawa Barat,Yes
CUST00769,2023-05-12,60.0,,3011165,29,21.0,Debit Card,Jawa Barat,Yes
CUST00770,2024-03-09,,Male,296822,33,,Debit Card,Jawa Tengah,Yes
CUST00771,2024-09-12,,,2390187,37,,Debit Card,Jabodetabek,No
CUST00772,2024-08-28,60.0,M,304073,20,14.0,E-Wallet,Jawa Barat,Yes
CUST00773,2024-04-12,57.0,Male,0,25,42.0,E-Wallet,,No
CUST00774,2024-07-31,27.0,,4320300,18,41.0,Debit Card,,No
CUST00775,2024-06-28,,Male,3054336,16,,Cash,Jabodetabek,Yes
CUST00776,2023-10-08,39.0,Male,0,50,18.0,Credit Card,,Yes
CUST00777,2024-06-25,32.0,M,3368535,47,,E-Wallet,Jawa Tengah,Yes
CUST00778,2024-08-29,56.0,Female,0,12,,E-Wallet,Jabodetabek,No
CUST00779,2025-01-12,67.0,M,0,37,,Debit Card,,Yes
CUST00780,2024-06-17,,Female,0,33,,E-Wallet,Jabodetabek,No
CUST00781,2023-06-19,,,528077,5,47.0,Credit Card,Jabodetabek,Yes
CUST00782,2024-05-24,,,0,44,33.0,Credit Card,,No
CUST00783,2025-01-26,18.0,,0,45,,Credit Card,,Yes
CUST00784,2024-03-08,75.0,F,1094006,24,,Cash,Jawa Barat,Yes
CUST00785,2023-11-03,,F,4744256,55,50.0,E-Wallet,Jawa Tengah,No
CUST00786,2024-09-24,65.0,F,0,60,42.0,Credit Card,Jawa Tengah,No
CUST00787,2024-02-16,,M,0,7,,Credit Card,Jabodetabek,Yes
CUST00788,2024-05-14,45.0,Male,4109595,58,,Debit Card,Jawa Tengah,Yes
CUST00789,2024-03-25,,F,0,28,,Debit Card,Jawa Barat,Yes
CUST00790,2023-02-11,40.0,Female,4852993,13,8.0,Cash,,No
CUST00791,2024-05-15,39.0,,0,43,18.0,Cash,Jawa Barat,No
CUST00792,2023-12-19,71.0,,1780948,7,2.0,Credit Card,Jawa Barat,Yes
CUST00793,2023-10-16,,F,4252181,1,,Credit Card,,No
CUST00794,2024-12-18,33.0,Female,2294295,18,50.0,Cash,Jawa Barat,No
CUST00795,2023-05-04,66.0,Female,2256941,13,38.0,Cash,Jabodetabek,Yes
CUST00796,2024-02-22,35.0,,3037038,13,6.0,E-Wallet,Jawa Barat,No
CUST00797,2023-04-23,,M,3128659,28,42.0,E-Wallet,Jawa Tengah,No
CUST00798,2024-11-07,40.0,M,1491509,12,3.0,Debit Card,Jawa Tengah,Yes
CUST00799,2023-11-08,69.0,Male,572625,17,,Credit Card,Jabodetabek,No
CUST00800,2024-10-27,,M,0,48,,Debit Card,,Yes
CUST00801,2024-12-22,23.0,F,3086064,59,42.0,Credit Card,Jabodetabek,Yes
CUST00802,2023-05-11,,Female,0,49,13.0,Cash,Jawa Tengah,Yes
CUST00803,2024-03-05,,,4320921,8,28.0,Credit Card,Jawa Barat,No
CUST00804,2024-05-21,69.0,,690789,37,4.0,Credit Card,Jawa Barat,No
CUST00805,2023-06-13,,,3840641,18,14.0,Debit Card,Jabodetabek,Yes
CUST00806,2024-07-19,72.0,Male,0,55,,Debit Card,Jawa Barat,No
CUST00807,2025-06-13,20.0,Male,3081979,10,18.0,Debit Card,Jawa Barat,No
CUST00808,2025-01-09,52.0,Female,4326832,24,21.0,Cash,Jawa Tengah,No
CUST00809,2023-09-20,65.0,Male,0,15,,Credit Card,,Yes
CUST00810,2024-08-18,69.0,F,0,15,,Debit Card,,Yes
CUST00811,2023-07-09,,Female,0,6,32.0,Debit Card,,No
CUST00812,2023-03-13,,Female,238278,57,,Credit Card,,Yes
CUST00813,2024-01-22,72.0,F,3210205,34,9.0,Credit Card,Jabodetabek,Yes
CUST00814,2025-03-21,18.0,Male,704399,18,10.0,E-Wallet,Jabodetabek,Yes
CUST00815,2023-09-07,,Male,2013639,20,,E-Wallet,Jabodetabek,Yes
CUST00816,2023-08-18,19.0,Male,2434394,33,27.0,Debit Card,,Yes
CUST00817,2023-06-23,,Male,3473713,25,44.0,Debit Card,Jabodetabek,No
CUST00818,2023-07-02,36.0,F,0,60,6.0,E-Wallet,Jawa Barat,Yes
CUST00819,2024-11-08,67.0,M,0,23,,E-Wallet,Jabodetabek,No
CUST00820,2023-04-26,67.0,,764839,25,,Cash,Jawa Tengah,Yes
CUST00821,2024-05-07,,F,0,23,,E-Wallet,Jawa Barat,No
CUST00822,2024-01-29,,Male,0,35,,Cash,Jawa Barat,Yes
CUST00823,2023-04-23,,Male,162021,24,,E-Wallet,Jawa Tengah,Yes
CUST00824,2025-04-27,,Female,4751651,60,27.0,Credit Card,Jawa Barat,Yes
CUST00825,2024-05-03,,,0,24,4.0,Debit Card,Jabodetabek,Yes
CUST00826,2025-02-22,27.0,Female,481321,1,,Cash,Jawa Barat,Yes
CUST00827,2023-04-24,,Female,0,29,42.0,Credit Card,Jabodetabek,No
CUST00828,2024-08-08,67.0,,0,54,,E-Wallet,Jawa Barat,No
CUST00829,2024-09-25,,Male,0,9,48.0,Debit Card,,No
CUST00830,2025-04-27,73.0,F,4712447,30,,Debit Card,Jabodetabek,No
CUST00831,2023-01-29,,Female,966759,7,,E-Wallet,Jawa Barat,No
CUST00832,2024-10-15,52.0,Male,1038814,49,20.0,Debit Card,Jawa Tengah,Yes
CUST00833,2023-11-13,74.0,Male,0,3,,E-Wallet,Jawa Tengah,Yes
CUST00834,2023-12-06,43.0,F,0,47,23.0,Credit Card,Jawa Barat,Yes
CUST00835,2023-03-22,,Male,2150486,19,11.0,Debit Card,Jawa Barat,No
CUST00836,2025-03-15,67.0,Female,4051973,47,,E-Wallet,Jawa Tengah,No
CUST00837,2023-08-02,,,4867891,50,,Credit Card,Jawa Barat,Yes
CUST00838,2024-05-25,,Male,558550,10,,Cash,Jawa Tengah,Yes
CUST00839,2023-07-03,28.0,F,3587448,24,23.0,E-Wallet,,Yes
CUST00840,2025-05-29,72.0,M,739078,37,32.0,Cash,,No
CUST00841,2023-03-27,57.0,F,3769093,55,,Cash,Jawa Tengah,No
CUST00842,2025-05-23,74.0,Male,389321,45,36.0,E-Wallet,,Yes
CUST00843,2024-04-22,,F,0,56,30.0,Cash,Jabodetabek,No
CUST00844,2023-12-03,67.0,Male,0,50,28.0,E-Wallet,Jawa Tengah,No
CUST00845,2023-05-30,56.0,Female,0,30,3.0,E-Wallet,Jabodetabek,No
CUST00846,2025-06-07,56.0,Male,0,31,14.0,Cash,Jawa Tengah,Yes
CUST00847,2025-06-13,34.0,F,500607,18,26.0,Cash,Jawa Barat,No
CUST00848,2023-07-23,60.0,M,0,22,,Cash,,Yes
CUST00849,2024-07-28,73.0,,0,23,,Debit Card,Jabodetabek,Yes
CUST00850,2023-06-04,74.0,F,3678916,53,,Debit Card,,Yes
CUST00851,2024-10-11,66.0,F,3551137,47,,Credit Card,Jabodetabek,Yes
CUST00852,2023-08-03,,Female,2440451,39,25.0,Credit Card,Jawa Tengah,No
CUST00853,2024-02-25,,M,1437506,45,,E-Wallet,,No
CUST00854,2024-01-26,51.0,M,0,24,12.0,Cash,Jawa Tengah,No
CUST00855,2024-05-23,57.0,,3187984,2,,Credit Card,,Yes
CUST00856,2023-04-28,50.0,Female,0,14,,Cash,Jabodetabek,No
CUST00857,2025-06-19,,M,0,51,,E-Wallet,,No
CUST00858,2023-06-24,,,287047,10,,Cash,Jawa Barat,No
CUST00859,2024-10-13,53.0,F,1799694,52,,Debit Card,,Yes
CUST00860,2025-05-13,38.0,M,1984595,46,9.0,Debit Card,Jawa Tengah,No
CUST00861,2024-09-24,31.0,,257542,41,50.0,Credit Card,,Yes
CUST00862,2024-07-02,,Female,1652069,42,,Cash,Jawa Tengah,Yes
CUST00863,2024-04-15,,,497973,41,2.0,Credit Card,Jabodetabek,Yes
CUST00864,2023-04-14,,F,907607,32,24.0,Credit Card,,No
CUST00865,2025-04-07,72.0,Female,3441022,27,,Debit Card,Jawa Tengah,No
CUST00866,2024-06-18,67.0,M,0,23,31.0,Credit Card,Jawa Barat,Yes
CUST00867,2023-04-28,65.0,Female,4086314,49,10.0,Credit Card,Jawa Tengah,No
CUST00868,2024-12-26,26.0,,0,31,13.0,E-Wallet,,No
CUST00869,2024-02-07,71.0,Male,1827478,17,12.0,E-Wallet,Jawa Barat,No
CUST00870,2024-09-13,,F,3888641,48,,Cash,Jawa Barat,Yes
CUST00871,2023-10-28,,,419552,57,,E-Wallet,,No
CUST00872,2024-11-03,19.0,M,1503422,23,16.0,E-Wallet,Jawa Barat,Yes
CUST00873,2024-08-04,38.0,M,1486259,46,22.0,Debit Card,Jabodetabek,No
CUST00874,2024-08-10,69.0,F,1039927,7,,Cash,Jawa Tengah,Yes
CUST00875,2023-05-03,38.0,Male,0,32,,Cash,Jawa Barat,No
CUST00876,2024-04-17,70.0,M,3495812,2,19.0,Debit Card,,Yes
CUST00877,2025-04-29,73.0,F,3707557,2,,E-Wallet,Jawa Tengah,Yes
CUST00878,2023-11-02,,F,0,32,40.0,Cash,Jabodetabek,No
CUST00879,2023-11-27,41.0,F,272843,53,1.0,Debit Card,Jawa Barat,Yes
CUST00880,2025-03-14,68.0,Male,4711585,1,45.0,Credit Card,Jabodetabek,No
CUST00881,2023-05-22,,,4442676,51,,Cash,Jabodetabek,Yes
CUST00882,2024-11-08,26.0,F,0,43,8.0,E-Wallet,Jawa Tengah,No
CUST00883,2024-11-06,48.0,Female,0,46,,Credit Card,Jabodetabek,Yes
CUST00884,2023-04-18,49.0,M,205063,30,25.0,Debit Card,Jawa Tengah,No
CUST00885,2024-01-30,72.0,F,4777980,7,9.0,Debit Card,,No
CUST00886,2024-04-17,,Male,3344344,20,37.0,Credit Card,Jawa Barat,Yes
CUST00887,2023-09-29,19.0,Male,0,43,,Credit Card,Jawa Tengah,No
CUST00888,2023-10-07,45.0,M,0,33,22.0,Credit Card,Jabodetabek,No
CUST00889,2024-06-26,71.0,,0,13,26.0,Cash,,No
CUST00890,2023-09-02,24.0,Male,1194147,8,4.0,Credit Card,Jawa Tengah,No
CUST00891,2023-07-30,74.0,Female,0,7,,Debit Card,Jawa Tengah,No
CUST00892,2025-05-23,69.0,Female,1357869,7,,Debit Card,Jawa Tengah,No
CUST00893,2023-12-09,22.0,Male,0,10,,Debit Card,Jawa Tengah,No
CUST00894,2025-06-13,67.0,Female,0,31,38.0,Cash,Jabodetabek,No
CUST00895,2025-03-04,65.0,Male,1369110,34,33.0,Credit Card,Jawa Tengah,Yes
CUST00896,2024-04-14,,Male,0,43,,E-Wallet,Jawa Tengah,No
CUST00897,2024-02-25,73.0,Female,0,44,34.0,Debit Card,Jawa Tengah,Yes
CUST00898,2024-10-16,49.0,Male,1956572,48,6.0,E-Wallet,,No
CUST00899,2023-11-13,,Female,0,26,,Credit Card,Jawa Tengah,No
CUST00900,2024-12-02,,Female,0,19,8.0,Cash,Jawa Barat,No
CUST00901,2025-03-29,69.0,M,2491012,20,,Credit Card,,Yes
CUST00902,2024-11-07,,Male,0,20,,Credit Card,Jawa Tengah,No
CUST00903,2025-01-20,,Female,4395289,10,,Cash,Jabodetabek,Yes
CUST00904,2024-02-13,36.0,Male,0,16,,E-Wallet,Jawa Tengah,No
CUST00905,2023-09-14,56.0,Female,0,52,38.0,Cash,Jawa Barat,Yes
CUST00906,2025-03-12,37.0,F,4188382,30,35.0,Credit Card,Jawa Barat,No
CUST00907,2024-03-13,72.0,F,4056576,46,,Cash,,No
CUST00908,2025-03-16,65.0,Female,0,6,49.0,E-Wallet,Jawa Barat,No
CUST00909,2025-04-06,73.0,,0,9,26.0,Cash,Jabodetabek,No
CUST00910,2025-06-04,,Male,3699365,7,,Credit Card,Jabodetabek,No
CUST00911,2024-10-05,31.0,M,2227458,58,44.0,Credit Card,,No
CUST00912,2023-07-29,57.0,Male,431614,39,8.0,Cash,Jabodetabek,Yes
CUST00913,2025-04-19,,Female,383426,20,,E-Wallet,,Yes
CUST00914,2023-06-24,60.0,,3306700,2,12.0,Debit Card,,Yes
CUST00915,2024-01-31,,Male,0,24,,Cash,,No
CUST00916,2023-02-04,45.0,,1338758,37,25.0,Cash,Jabodetabek,No
CUST00917,2024-12-24,,,2072459,11,23.0,Cash,Jabodetabek,No
CUST00918,2023-10-13,29.0,M,4375592,37,,Cash,Jabodetabek,Yes
CUST00919,2024-12-15,,M,4270542,12,,E-Wallet,,Yes
CUST00920,2023-11-28,22.0,Female,817647,43,,Debit Card,Jabodetabek,No
CUST00921,2024-03-28,,M,3129869,17,8.0,Credit Card,Jawa Barat,Yes
CUST00922,2023-09-16,66.0,F,2035380,41,37.0,Cash,Jawa Tengah,Yes
CUST00923,2024-10-06,68.0,Male,3910296,52,13.0,Debit Card,Jabodetabek,Yes
CUST00924,2024-11-29,,,4191801,56,,Cash,Jawa Barat,Yes
CUST00925,2024-03-25,,F,0,40,36.0,Cash,Jabodetabek,Yes
CUST00926,2024-09-07,54.0,,2319490,8,32.0,E-Wallet,Jabodetabek,Yes
CUST00927,2024-07-01,,,0,5,,Debit Card,Jawa Tengah,Yes
CUST00928,2023-02-03,43.0,M,2439845,38,,Cash,Jawa Tengah,Yes
CUST00929,2023-08-30,30.0,F,3428308,53,,Credit Card,Jabodetabek,Yes
CUST00930,2023-04-17,,Male,4861261,31,,Cash,Jawa Barat,Yes
CUST00931,2024-07-01,,,2153168,2,4.0,Cash,Jabodetabek,Yes
CUST00932,2024-07-16,53.0,Female,0,45,,Credit Card,,No
CUST00933,2023-04-05,,,0,28,4.0,Credit Card,Jawa Barat,Yes
CUST00934,2023-03-20,73.0,Male,342014,56,47.0,Debit Card,,Yes
CUST00935,2024-09-12,29.0,F,3733305,42,,Cash,Jabodetabek,Yes
CUST00936,2024-03-30,60.0,M,4967904,14,,E-Wallet,Jawa Tengah,Yes
CUST00937,2023-12-21,68.0,F,3668695,35,33.0,Cash,Jawa Tengah,Yes
CUST00938,2024-01-17,23.0,Female,0,48,36.0,Credit Card,Jawa Barat,Yes
CUST00939,2024-08-25,,F,0,54,,E-Wallet,Jabodetabek,No
CUST00940,2023-02-15,69.0,Female,1760345,56,,Debit Card,,No
CUST00941,2024-09-15,,M,3109596,20,,E-Wallet,Jawa Barat,Yes
CUST00942,2024-07-20,70.0,F,0,51,47.0,E-Wallet,,Yes
CUST00943,2023-01-16,74.0,M,2326478,25,30.0,E-Wallet,Jabodetabek,Yes
CUST00944,2023-10-03,,M,0,3,,Credit Card,Jabodetabek,No
CUST00945,2023-01-18,74.0,F,0,55,,Credit Card,,No
CUST00946,2024-09-16,,,0,4,38.0,E-Wallet,Jabodetabek,No
CUST00947,2025-06-11,,,0,9,15.0,Credit Card,Jawa Barat,Yes
